Name,Price,Original Price,Rating,Reviews,Availability
Barbie DreamCamper Vehicle Playset with 60 Accessories Including Pool and 30-inch Slide,$79,$99.99,4.7,433,In Stock
"Razor Black Label E90 Electric Scooter - Green, for Kids Ages 8+ and up to 120 lbs, up to 10 mph",$99,$139.99,3.9,835,In Stock
"Huffy 20 in. Rock It Kids Bike for Boys Ages 5 and up, Child, Royal Blue",$58,$78,4.2,2186,In Stock
Easy-Bake Ultimate Oven Creative Baking Toy,$39.97,$44.97,4.1,463,In Stock
"Funtok Licensed Chevrolet Silverado 12V Kids Electric Powered Ride on Toy Car with Remote Control & Music Player, Black",$189.99,$369.99,4.7,1133,In Stock
"Gotrax FX3 Hoverboard, 6.2mph, for Kids Ages 8+ Years Old, 176lb Max Weight, Bluetooth, Chrome",$79,$139.99,4.1,2736,In Stock
LEGO Classic LEGO Medium Creative Brick Box 10696,$20.99,$34.99,4.8,1195,In Stock
"Huffy 20 in. Sea Star Kids Bike for Girls Ages 5 and up, Child, Blue and Pink",$58,$78,4.3,2101,In Stock
"Funcid 12V Kids Powered Ride on Truck Car with Parent Remote Control, Bluetooth Music, Spring Suspension, LED Lights - Pink",$149.99,$259.99,4.6,1693,In Stock
"Razor Dirt Rocket MX350 - Black with Decals Included, 24V Electric-Powered Dirt Bike for Kids 13+",$248,$328,4.3,1315,In Stock
"Little Tikes Story Dream Machine Starter Set, for Toddlers and Kids Girls Boys Ages 3+ Years",$49,$92.39,4.7,378,In Stock
"16"" Marvel Spider-Man Bike for Boys' by Huffy",$78,$98,4.4,916,In Stock
"Dodge Electric Ride on Cars for Kids, 12 V Licensed Dodge Charger SRT Powered Ride On Toys Cars with Parent Remote Control, Electric Car for Girls 3-5 w/Music Player/LED Headlights/Safety Belt, Pink",$159.99,$299.99,4.8,666,In Stock
"Kent Bicycles 20"" Boy's Ambush BMX Child Bike, Black/Blue",$98,$98,4.3,1535,In Stock
"Cra-Z-Art Classic Retro Magna Doodle, Plastic, Unisex Ages 3 and up",$7.5,$14.97,4.4,283,In Stock
"Contixo 7"" Kids Tablet 32GB, 50+ Disney Storybooks, Kid-Proof Case (2023 Model) - Purple",$54.99,$61.99,4.4,18477,In Stock
"Lamborghini 12 V Powered Ride on Cars, Remote Control, Battery Powered, Black",$165.99,$369.99,4.4,607,In Stock
"LEGO Speed Champions 2 Fast 2 Furious Nissan Skyline GT-R (R34)  76917 Race Car Toy Model Building Kit, Collectible with Racer Minifigure, 2023 Set for Kids",$20,$24.99,4.8,481,In Stock
"Huffy 18 in. Sea Star Kids Bike for Girls Ages 4 and up,Child, Metallic Purple",$58,$78,4.3,953,In Stock
Fisher-Price Laugh & Learn Smart Stages Puppy Musical Plush Toy for Infants and Toddlers,$21.99,$24.5,4.8,3657,In Stock
"Lamborghini Urus 12V Electric Powered Ride on Car for Kids, with Remote Control, Foot Pedal, MP3 Player and LED Headlights",$165.99,$299.99,0.0,0,In Stock
"Huffy 24"" Rock Creek Boys Mountain Bike for Men",$98,$98,3.9,853,In Stock
Barbie Malibu House Dollhouse Playset with 25+ Furniture and Accessories (6 Rooms),$99,$99,4.4,467,In Stock
Melissa & Doug Super Smile Dentist Kit With Pretend Play Set of Teeth And Dental Accessories (25 Toy Pieces),$23.99,$37.99,4.7,262,In Stock
"Kent 20"" 2 Cool BMX Girl's Child Bike, Satin Purple",$98,$98,4.3,1600,In Stock
"Huffy 16 in. Sea Star Kids Bike for Girls Ages 4 and up, Child, Metallic Purple",$48,$64,4.2,1629,In Stock
"Huffy 18 in. Rock It Kids Bike for Boys Ages 4 and up, Child, Neon Powder Yellow",$58,$78,4.2,910,In Stock
"Huffy 24"" Rock Creek Girls Mountain Bike for Women, Purple Lilac",$98,$98,4.1,926,In Stock
"Disney Junior Minnie Mouse Flipping Fun Pretend Play Kitchen Set, Play Food, Realistic Sounds, Kids Toys for Ages 3 up",$68,$68,4.5,719,In Stock
"Huffy 16 in. Rock It Kids Bike for Boy Ages 4 and up, Child, Red",$48,$64,4.2,1466,In Stock
Best Choice Products Set of 2 1/18 Scale RC Remote Control Transforming Robot Sports Car Toys w/ 1 Button Transformation,$14.99,$36.99,3.7,516,In Stock
"EVERCROSS Electric Scooter Adults, 10 "" Solid Tires, 500W Motor up to 19 MPH, 22 Miles Long-Range Battery, Folding Commuter Electric Scooter for Adults & Teenagers",$289.99,$599.99,4.7,796,In Stock
"Barbie The Movie Collectible Doll, Margot Robbie as Barbie in Pink Gingham Dress",$24.97,$64.72,4.7,1093,In Stock
"Gabby's Dollhouse, Purrfect Dollhouse 2-Foot Tall Playset with Sounds, 15 Pieces",$49.97,$69.97,4.1,944,In Stock
"My Sweet Love Shopping Cart for 18"" Dolls",$15,$22.97,4.4,691,In Stock
"Razor Miniature Dirt Rocket MX125 Electric-Powered Dirt Bike - Black with Decal Included, Recommended For Kids 7+ Between 40 and 80 lbs",$198,$198,3.8,435,In Stock
Dynacraft Wipeout 20-inch Boys Bike for Ages 6-10 Years,$95,$95,4.1,638,In Stock
Yamaha 12 Volt Raptor Battery Powered Ride-On - New Custom Graphic Design - for Boys & Girls Ages 3 and up,$199,$259,4.3,1708,In Stock
Lite-Brite Ultimate Classic,$9.97,$16.97,4.5,1435,In Stock
"Disney Minnie Mouse Convertible Car 6 Volts Electric Ride-on, for Children Ages 3+ years, by Huffy",$99,$99,4.4,458,Out of Stock
Portable Basketball Hoop Goal Basketball Hoop System Height Adjustable 7 ft. 6 in. - 10 ft. with 44 inch Indoor Outdoor PVC Backboard Material,$146.98,$411.98,4.6,2654,In Stock
MD Sports Best Shot 2-Player 81 inch Foldable Arcade Basketball Game,$49,$149.99,4.3,466,In Stock
KidKraft Ainsley Wooden Outdoor Swing Set with Slide and Rock Wall,$279,$399,4.1,3522,In Stock
"CAP Barbell, 10lb Coated Rubber Hex Dumbbell, Pair",$17.8,$21.99,4.7,1762,In Stock
"MD Sports 48"" Combo Air Powered Hockey, Foosball, and Billiard Game Table",$99,$129,4.2,113,In Stock
Spalding 54 In. Shatter-proof Polycarbonate Exacta height Portable Basketball Hoop System,$268,$268,3.9,1235,In Stock
"BalanceFrom Wide Grip Kettlebell Exercise Fitness Weight Set, 3-Pieces: 5lb, 10lb, and 15lb Kettlebells",$19.99,$44.99,4.5,1722,In Stock
Ozark Trail 40 oz Vacuum Insulated Stainless Steel Tumbler Rose Gold,$14.97,$14.97,4.6,4164,In Stock
Step2 Neat & Tidy Cottage II Brown Playhouse Plastic Kids Outdoor Toy,$159,$198,4.6,2025,In Stock
Bounce Pro 14ft Trampoline with Flash Lite Zone,$199,$279.99,3.9,558,In Stock
"BalanceFrom Olympic Bumper Plate Weight Plate with Steel Hub, Color Coded, 25 lbs Single",$34.99,$34.99,4.5,2467,In Stock
"44 inch Outdoor Basketball Hoop Stand for Adults, SEGMART 4.9FT-10FT Height Adjustable Portable",$135.99,$319.99,4.6,440,In Stock
"Barrington Billiards 90"" Ball and Claw Leg Pool Table with Cue Rack, Dartboard Set, Green, New",$399,$655.82,3.3,437,In Stock
Bounce Pro 14ft Trampoline With Enclosure Combo,$229,$279.99,4.0,730,In Stock
Backyard Discovery Aurora Wooden Cedar Swing Set,$279,$279,4.1,617,In Stock
Midas 8x42 UHD Binocular,$193.99,$349.99,4.9,33,In Stock
"18 inch Queen Size Air Mattress with Built-in-Pump, Black",$53.99,$89.99,4.5,4766,In Stock
"CAP Barbell, 25lb Rubber Hex Dumbbell, Single",$32.97,$32.97,4.6,1552,In Stock
"Fitvids LX750 Home Gym System Workout Station with 330 Lbs of Resistance, 122.5 Lbs Weight Stack, One Station, Comes with Installation Instruction Video, Ships in 5 Boxes",$299.99,$499.99,4.6,1292,In Stock
"Slsy Folding Bed Cot with 3.3 Inch 2 Sided Mattress, 75""* 28"" Folding Sleeping Cot Guest Bed, Folding Camping Cots with Carry Bag",$58.99,$106,4.1,667,In Stock
"Intex 15"" Essential Rest Dura-Beam Airbed Mattress with Internal Pump Included - QUEEN",$49.97,$59.99,4.2,2725,In Stock
"Coleman All Purpose Propane Gas Cylinder 16 oz, 4-Pack",$18.87,$29.78,4.7,2476,In Stock
"Lifetime 5 Foot Rectangle Fold-in-Half Table, Indoor/Outdoor Essential, Gray, 60.3"" x 25.5"" (80861)",$44.98,$54.28,4.7,1923,In Stock
SuperFit Up To 7.5MPH 2.25HP 2 in 1 Dual Display Screen Folding Treadmill Jogging Machine W/APP Control Silver,$249.99,$529,4.1,812,In Stock
"Intex Dura-Beam Deluxe Ultra Plush Headboard with Built-in Pump (18"" Mattress Height) - Queen",$61.88,$99.99,4.3,4114,In Stock
Mr. Heater Portable Buddy 9000 BTU Propane Heater MH9BX,$74,$89,4.6,1887,In Stock
Fisher Price 69'' x 68'' x 53'' Bouncesational Indoor Bouncer with Built-in Pump,$69,$69,4.0,1611,In Stock
"SSPHPPLIE SupeRun Walking Pad 300lb, 40*16 Walking Area Under Desk Treadmillwith Remote Control 2 in 1 Portable Walking Pad Treadmill for Home/Office(White)",$157.99,$350,4.4,798,In Stock
"Intex 24"" Dream Lux Pillow Top Dura-Beam Airbed Mattress with Internal Pump - Queen",$78,$89.99,4.1,2954,In Stock
"Spalding Super Tack Pro Indoor and Outdoor Basketball, 29.5 In.",$14.97,$19.97,4.3,391,In Stock
"Bounce Pro 7-Foot My First Trampoline Hexagon (Ages 3-10) for Kids, Blue/Green",$139,$175,4.2,1563,In Stock
"Ozark Trail Basic Quad Folding Camp Chair with Cup Holder, Blue, Adult use",$8.88,$8.88,4.5,6279,In Stock
"BalanceFrom 1/2 In. Thick Flooring Puzzle Exercise Mat with High Quality EVA Foam Interlocking Tiles, 6 Piece, 24 Sq Ft. Black",$14.98,$29.99,4.6,1002,In Stock
"Disney Minnie Mouse Plastic Indoor,Outdoor Playhouse with Easy Assembly",$149.97,$179.99,4.3,291,In Stock
"SEGMART 14ft Blue Trampoline for Kids with Basketball Hoop/Ladder,L",$299.99,$599.99,4.2,974,In Stock
"iDOO Air Mattress, Inflatable Airbed with Built-in Pump for Guest Home Camping Travel, 550lb Max, (Twin Size 18"")",$54.99,$159.99,4.5,784,In Stock
"VIBESPARK Adjustable Weight Bench 600lbs 6-in-1 Foldable Workout Bench Set with Barbell Rack & Leg Developer Preacher Curl Rack, Multi-Function Strength Training Bench Press Exercise Equipment",$185.99,$399.99,4.2,274,In Stock
"Mikolo Smith Machine Home Gym, 2200 lbs Power Rack Cage with Cable Crossover, Weight Bar, 360° Landmine, Barbell Holders and Other Attachments, Total Body Strength Training Cage",$1099.99,$1799.99,4.7,1285,In Stock
"Ozark Trail Camping Utility Wagon with Tailgate & Extension Handle, Red",$40,$80,4.6,1337,Out of Stock
"Coleman 71"" x 26"" Bahamas AirJet Spa Outdoor 177 gal. Inflatable Hot Tub, Max Temperature of 104˚F",$258,$444,3.9,675,Out of Stock
2021 Apple 10.2-inch iPad Wi-Fi 64GB - Space Gray (9th Generation),$249,$329,4.7,5145,In Stock
Apple AirPods with Charging Case (2nd Generation),$99,$129,4.7,30251,In Stock
onn. 50 Class 4K UHD (2160P) LED Roku Smart TV HDR (100012585),$198,$198,4.3,12835,In Stock
Beats Solo3 Wireless On-Ear Headphones with Apple W1 Headphone Chip - Black,$99,$179,4.5,2683,In Stock
2022 Apple 10.9-inch iPad Wi-Fi 64GB - Silver (10th Generation),$399,$449,4.7,990,In Stock
"HP Stream 14"" Laptop, Intel Celeron N4020 Processor, 4GB RAM, 64GB eMMC, Pink, Windows 11 (S mode) with Office 365 1-yr, 14-cf2112wm",$169,$229,3.8,3428,In Stock
Beats Studio3 Wireless Noise Cancelling Headphones with Apple W1 Headphone Chip - Shadow Gray,$169,$169,4.6,3234,In Stock
"Hisense 58"" Class 4K UHD LED LCD Roku Smart TV HDR R6 Series 58R6E3",$268,$298,4.2,9620,In Stock
"VIZIO 50"" Class V-Series 4K UHD LED Smart TV V505-J09",$248,$319,4.4,21974,In Stock
onn. 32 Class HD (720P) LED Roku Smart TV (100012589),$98,$98,4.4,16445,In Stock
Apple AirPods (3rd Generation) Wireless Earbuds with Lightning Charging Case,$139.99,$169,4.5,2055,In Stock
"TCL 55"" Class 4-Series 4K UHD HDR Smart Roku TV - 55S451",$248,$248,4.1,11838,In Stock
"LG 70"" Class 4K UHD 2160P webOS Smart TV - 70UQ7070ZUD",$498,$648,4.4,1759,In Stock
"Samsung Galaxy Tab A7 Lite 8.7"" Tablet, 32GB, Android 11, Dark Gray",$99,$159,4.4,916,In Stock
Apple AirPods Pro (2nd Generation) - Lightning,$199,$249,4.6,5924,In Stock
"SGIN 15.6inch Laptop 4GB DDR4 128GB SSD Windows 11 with 4 Core Intel Celeron, Full HD 1920x1080",$259.99,$1049.99,4.4,3099,In Stock
"SAMSUNG 65"" Class CU7000B Crystal UHD 4K Smart Television UN65CU7000BXZA",$427.99,$477.99,4.5,1819,In Stock
"Samsung Galaxy Tab A8 10.5"" Tablet, 32GB, Android 11, Dark Gray",$149,$229.99,4.5,1713,In Stock
Beats Studio Buds – True Wireless Noise Cancelling Bluetooth Earbuds - Black,$89.95,$149.95,4.1,1896,In Stock
"Hisense 40"" Class 1080p FHD LED LCD Roku Smart TV H4030F Series (40H4030F1)",$148,$168,4.2,4946,In Stock
(2 pack) Chromecast with Google TV (HD) - Streaming Device,$50.52,$59.96,4.3,2318,In Stock
"LG 32"" Ultra-Gear QHD (2560 x 1440) Gaming Monitor, 165Hz, 1ms, Black 32GN600-B.Aus, New",$187,$349,4.4,562,In Stock
"SAMSUNG 75"" Class CU7000B Crystal UHD 4K Smart Television UN75CU7000BXZA",$647.99,$647.99,4.6,1216,In Stock
"HP Chromebook X360 14"" HD Touchscreen 2-in-1 Laptop, Intel Celeron N4020, 4GB RAM, 64GB eMMC, Teal, 14a-ca0130wm",$283,$329,4.3,559,In Stock
"TCL 65"" Class 4-Series 4K UHD HDR Smart Roku TV - 65S451",$398,$398,4.3,1235,In Stock
"CyberPowerPC Gamer Master Gaming Desktop, AMD Ryzen 5 5500, 16GB, AMD Radeon RX 6700 10GB, 1TB SSD, Black, GMA6800WST",$699,$799.99,4.7,1000,In Stock
"Lenovo IdeaPad 3i 14""FHD Laptop, Intel Core i5-1135G7, 8GB, 256GB SSD, Windows 11, Platinum Grey, 81X700FVUS",$329,$369,4.6,1818,In Stock
HP DeskJet 2752e All-in-One Wireless Color Inkjet Printer with 3 Months Free Ink Included with HP+,$39,$59,3.9,5184,In Stock
Chromecast with Google TV - Streaming Entertainment in 4K HDR,$37.98,$59.98,4.2,4391,In Stock
"Philips 32"" Class HD (720P) Smart Roku Borderless LED TV (32PFL6452/F7)",$118,$168,4.4,3975,In Stock
onn. 75 Class 4K UHD (2160P) LED Frameless Roku Smart TV (100044717),$498,$678,4.1,3112,In Stock
"ASUS 15.6"" FHD Laptop, Intel Pentium, 4GB RAM, 128GB eMMC, Windows 11 Home in S mode with One Year of Microsoft 365 included,  L510MA-WS21",$249,$279,3.9,883,In Stock
"TCL 32"" Class 720P HD LED Roku Smart TV 3 Series 32S331",$108,$108,4.3,5484,In Stock
"VIZIO 65"" Class V-Series 4K UHD LED Smart TV V655-J09",$448,$448,4.4,21974,In Stock
onn. 24 Class HD (720P) LED Roku Smart TV (100012590),$88,$88,4.3,6589,In Stock
"SAMSUNG 27"" Class Curved 1920x1080 VGA HDMI 60hz 4ms AMD FREESYNC HD LED Monitor - LC27F396FHNXZA",$149,$149,4.3,1480,In Stock
"TCL 75"" Class 4-Series 4K UHD HDR Smart Roku TV - 75S451",$528,$528,4.1,11827,In Stock
"VIZIO 40"" Class D-Series FHD LED Smart TV D40f-J09",$168,$168,4.2,11188,In Stock
onn. 65 Class 4K UHD (2160P) LED Roku Smart TV HDR (100012587),$298,$348,4.3,7514,Out of Stock
VEATOOL Bluetooth Headphones True Wireless Earbuds 60H Playback LED Power Display Earphones with Wireless Charging Case IPX7 Waterproof in-Ear Earbuds with Mic for TV Smart Phone Computer Laptop,$17.99,$79.99,4.6,2066,Out of Stock
"Carote Nonstick Pots and Pans Set, 8 Pcs Induction Kitchen Cookware Sets (Beige Granite)",$64.99,$240,4.7,4988,In Stock
BISSELL Little Green Portable Carpet Cleaner 3369,$78,$123.59,4.4,6421,In Stock
"Ninja CREAMi, Ice Cream Maker, 5 One-Touch Programs, (2) 16oz. Pints with storage lids NC300",$169,$199,4.4,1011,In Stock
"GE Profile Opal Nugget Ice Maker with Side Tank, Countertop Icemaker, Stainless Steel",$348,$579,4.0,1224,In Stock
"Carote Nonstick Cookware Sets with Detachable Handle, 5 Pcs Granite Non Stick Pots and Pans Set with Removable Handle Cookware",$29.99,$99.99,4.7,4295,In Stock
"Mainstays 7-Piece Reversible Black Bed In a Bag Comforter Set with Sheets, Queen",$36.96,$36.96,4.5,7920,In Stock
"Keurig K-Express Essentials Single Serve K-Cup Pod Coffee Maker, Black",$49,$59,4.4,15455,In Stock
"Ninja 4QT Air Fryer, Black, AF100WM",$69,$89,4.8,1816,In Stock
Prettycare Cordless Stick Vacuum Cleaner Lightweight for Carpet Floor Pet Hair W200,$69.99,$299.99,4.3,11636,In Stock
"Spa Sensations Serenity by Zinus 8"" Memory Foam Mattress, Twin",$148,$174,4.4,13439,In Stock
"Keurig K-Duo Essentials Black Single-Serve K-Cup Pod Coffee Maker, Black",$79,$99.99,4.0,11809,In Stock
"Frigidaire 5.0 Cu. ft. Chest Freezer, White, EFRF5003",$147,$197,4.4,3532,In Stock
"GTRACING Gaming Chair Office Chair PU Leather with Footrest & Adjustable Headrest, Black",$129.99,$249.99,4.3,1330,In Stock
"MLILY Ego Black 10 inch Gel Memory Foam Mattress, Twin Mattress in a Box, Medium",$190,$309,4.7,1042,In Stock
"Mainstays 0.7 cu. ft. Countertop Microwave Oven, 700 Watts, White, New",$55,$55,4.4,7085,In Stock
"Sterilite 66 Quart. Latch Box Plastic, Stadium Blue, Set of 6",$52,$52,4.5,4611,In Stock
"BOSMILLER Power Lift Recliner Chair Recliners for Elderly with Heat and Massage Recliner Chair for Living Room with Infinite Position and Side Pocket,USB Charge Port,Blue",$299.99,$449.99,4.7,7447,In Stock
"Slumber 1 By Zinus 6"" Comfort Innerspring Mattress, Adult, Twin",$65,$79,4.4,5301,In Stock
"Arctic King 3.2 Cu ft Two Door Mini Fridge with Freezer, Stainless Steel, E-Star, ARM32D5ASL",$138,$198,4.5,5657,In Stock
"Eureka Airspeed Bagless Upright Vacuum Cleaner, NEU100",$43.77,$49.96,4.3,5142,In Stock
"Beautiful Drew Chair by Drew Barrymore, Sage",$228,$298,4.8,968,In Stock
"FDW 5 inch Gel Memory Foam Mattress Queen Mattresses Medium Firm Mattresses,Adults,Twin",$79.99,$179.98,4.3,2462,In Stock
"Beautiful 6-Quart Air Fryer with TurboCrisp Technology and Touch-Activated Display, White Icing by Drew Barrymore",$69,$69,4.5,4003,In Stock
"Tramontina Primaware 18 Piece Non-stick Cookware Set, Steel Gray",$39.97,$49.97,4.5,7408,In Stock
"GTRACING Gaming Chair with Footrest and Ergonomic Lumbar Massage Pillow Faux Leather Office Chair, Purple",$105.99,$249.99,4.3,456,In Stock
"MLILY Ego White 6 inch Memory Foam Mattress, Twin Size Mattress, Bed in a Box",$89,$260,4.5,980,In Stock
"Sterilite 18 Gallon Tote Box Plastic, Gray, Set of 8",$55.84,$55.84,4.6,5607,In Stock
"Nefoso Shag Light Gray Area Rug, 8' x 10' Soft Fluffy Area Rugs for Living Room Bedroom Kids Room Decor Carpet, Light Gray",$52.99,$158.99,4.5,911,In Stock
"GIKPAL 10 Drawer Dresser, Chest of Drawers for Bedroom Fabric Dressers with Side Pockets and Hooks, Brown",$74.99,$189.99,4.7,2099,In Stock
"BEAUTYPEAK 64""x21"" Full Length Mirror Rectangle Body Dressing Floor Standing Mirrors, Black",$59,$139.99,4.4,2059,In Stock
"Frigidaire 7.0 Cu. ft. Chest Freezer, EFRF7003, White",$194,$228,4.1,4457,In Stock
KitchenAid Classic Series 4.5 Quart Tilt-Head Stand Mixer - K45SS,$239.99,$329.99,4.8,13779,In Stock
"Mainstays Memory Foam Futon with Adjustable Armrests , Camel Faux Suede Fabric for Adults",$128,$198,4.1,1145,In Stock
"Beautiful 5.3 qt Stand Mixer, Lightweight & Powerful with Tilt-Head, White Icing by Drew Barrymore",$99,$99,4.6,1028,In Stock
"Carote Nonstick Pots and Pans Set, 8 Pcs Granite Stone Kitchen Cookware Sets (Black)",$64.99,$220,4.9,4354,In Stock
"Hamilton Beach FlexBrew Trio Coffee Maker, Single Serve or 12 Cups, Black, 49904",$50,$99,4.1,2170,In Stock
"Clara Clark Bed Sheets Set, 1800 Series Deep Pocket Soft Microfiber 4 Piece Queen Sheet Sets, Gray",$18.99,$60.99,4.6,7101,In Stock
"ComHoma Recliner Chair PU Leather Rocking Sofa with Heated Massage, Brown",$239.99,$304,4.1,468,In Stock
Cirkul 22oz Plastic Water Bottle Starter Kit with Blue Lid and 2 Flavor Cartridges (Fruit Punch & Mixed Berry),$19.98,$19.98,4.4,4428,In Stock
"Keurig K-Caf Essentials Single Serve K-Cup Pod Coffee Maker, Black",$69,$99,4.0,1116,In Stock
Wrangler Rustler Men's and Big Men's Regular Fit Jeans,$12,$14.98,4.5,10872,In Stock
Fantaslook Sweatshirts for Women Crewneck Casual Long Sleeve Shirts Tunic Tops,$13.99,$28.99,4.3,2192,In Stock
"Athletic Works Men's Fleece Elastic Bottom Sweatpants, Sizes S-4XL",$11.98,$11.98,4.3,2842,In Stock
"Fantaslook Womens Plaid Shirts Flannel Shacket Jacket Long Sleeve Button Down Boyfriend Shirt Coats, M",$22.99,$45.98,4.4,1521,In Stock
"Athletic Works Men's Fleece Crewneck Sweatshirt, Sizes S-4XL",$11.98,$11.98,4.6,1829,In Stock
"George Men's Crewneck Tee with Long Sleeves, Sizes XS-3XLT",$6.98,$6.98,4.7,408,In Stock
Wrangler Rustler Men's and Big Men's Relaxed Fit Jeans,$12,$14.98,4.5,1972,In Stock
1 oz Valcambi Gold Bar in Assay .9999 Fine,$2051.29,$2051.29,4.7,119,In Stock
Wrangler Men's and Big Men's Relaxed Fit Cargo Pants With Stretch,$22.98,$22.98,4.3,49184,In Stock
"Cate & Chloe Ariel 18k White Gold Plated Silver Halo Stud Earrings | CZ Earrings for Women, Gift for Her",$14.99,$135,4.5,1337,In Stock
Wrangler Men's and Big Men's Relaxed Fit Jeans with Flex,$19.98,$19.98,4.3,94410,In Stock
"Athletic Works Boys Fleece Sweatpant, Sizes 4-18 & Husky",$6.98,$6.98,4.7,282,In Stock
Wrangler Men's and Big Men's Legacy Cargo Pant,$17,$24.98,4.1,12700,In Stock
"Time and Tru Women's High Rise Jeggings, 29"" Inseam, Sizes XS-3XL",$9.88,$14.98,4.1,4488,In Stock
"Secret Treasures Women's and Women's Plus Velour Sleep Top and Jogger Pants Set, 2-Piece, Sizes S-3X",$12.5,$17.97,4.7,1388,In Stock
"Fruit of the Loom EverSoft Fleece Elastic Bottom Sweatpants with Pockets, Men's Sizes S-4XL",$25.99,$25.99,4.5,11378,In Stock
Wrangler Men's and Big Men's Outdoor Stretch Zip Cargo Pant,$26.98,$26.98,4.4,75814,In Stock
Time And Tru Women's High Rise Ankle Knit Leggings,$5,$6.98,4.3,764,In Stock
George Men's and Big Men's Regular Fit Jeans,$12.98,$12.98,4.6,9221,In Stock
"Hanes Men's and Big Men's EcoSmart Fleece Pullover Hoodie, Sizes S-5XL",$15,$24,4.4,5351,In Stock
"Wonder Nation Boys Long Sleeve Kid Tough T-Shirt, Sizes 4-18 & Husky",$4.98,$4.98,4.6,112,In Stock
Wrangler Men's and Big Men's Regular Fit Jeans with Flex,$19.98,$23.24,4.4,21527,In Stock
"Wonder Nation Girls Kid Tough Leggings, Sizes 4-18 & Plus",$4.48,$4.48,4.7,233,In Stock
1.25 ct - Square Moissanite - Double Halo - Twisted Band - Vintage Inspired - Pave - Wedding Ring Set in 18K White Gold over Silver,$119,$349,4.4,1014,In Stock
"Wonder Nation Boys Kid Tough Short Sleeve Crewneck T-Shirt, Sizes 4-18 & Husky",$3.98,$3.98,4.8,2361,In Stock
"Wonder Nation Girls Kid Tough Tee with Long Sleeves, Sizes 4-18",$4.98,$4.98,4.8,223,In Stock
George Men’s Solid Knit Pajama Pants,$7.98,$7.98,4.5,1451,In Stock
"Time and Tru Women's High Rise Knit Leggings, 27"" Inseam, 2-Pack, Sizes XS-XXL",$9.99,$13.98,4.3,829,In Stock
"1 oz Silver Round - Buffalo (Lot, Roll, Tube of 20) - Walmart",$492.8,$492.8,4.6,342,In Stock
"Wonder Nation Girls Long Sleeve Top and Jersey Pants with Knit Flannel, 2-Piece Pajama Sleep Set, Sizes 4-18 & Plus",$9.98,$9.98,4.5,175,In Stock
1 oz Gold Bar - APMEX (TEP),$2054.29,$2054.29,4.8,62,In Stock
Galaxy by Harvic 3-Pack Mens Slim Fit Fleece Jogger Sweatpants (S-2XL),$29.39,$32.87,4.5,8044,In Stock
"Athletic Works Boys Fleece Sweatshirt, Sizes 4-18 & Husky",$6.98,$6.98,4.6,125,In Stock
"JeenMata 1 Carat Round Cut Moissanite Solitaire Pendant Necklace in 18k White Gold over Silver, Female, Adult",$46,$199,4.2,774,In Stock
Galaxy by Harvic 3-Pack Women's Loose Fit Fleece Jogger Sweatpants (S-5XL),$29.39,$34.97,4.1,2791,In Stock
Athletic Works Men's and Big Men's Active Knit Joggers,$11.98,$11.98,4.6,754,In Stock
"Hanes Men's Value Pack Assorted Pocket T-Shirt Undershirts, 6 Pack",$21.98,$21.98,4.4,3119,In Stock
"Climate Concepts Men's and Big Men's Fleece Cargo Pocket Sweatpants, Sizes S-5XL",$12.99,$14.99,4.2,1617,In Stock
"Athletic Works Men's Fleece Pullover Hoodie Sweatshirt, Sizes S-3XL",$14.48,$14.48,4.7,163,In Stock
"Crocs Toddler & Kids Crocband Clog, Sizes 4-6",$21.99,$44.99,4.8,3270,In Stock
"Pampers Swaddlers Diapers, Size 4, 66 Count (Select for More Options)",$28.22,$28.22,4.8,64168,In Stock
"Similac Advance* Powder Baby Formula with Iron, DHA, Lutein, 12.4-oz Can, Pack of 6",$107.64,$107.64,4.7,2414,In Stock
"Parent's Choice Fragrance Free Baby Wipes, Travel-Pack, 50 Count (Select for More Options)",$0.98,$0.98,4.7,14484,In Stock
"Parent's Choice Distilled Water, 1 Gallon",$1.26,$1.26,4.7,9213,In Stock
"Parents Choice Dry & Gentle Diapers Size 5, 27 Count (Select for More Options)",$4.98,$4.98,4.4,25982,In Stock
"Huggies Natural Care Sensitive Baby Wipes, Unscented, 3 Pack, 168 Total Ct (Select for More Options)",$6.77,$6.77,4.8,12112,In Stock
"Nutramigen Hypoallergenic Infant Formula with Enflora LGG - Powder, 12.6 oz Can",$37.84,$37.84,4.7,4838,In Stock
"Huggies Little Movers Baby Diapers, Size 4, 58 Ct (Select for More Options)",$24.94,$24.94,4.7,16868,In Stock
"Parent's Choice Girls Training Pants, 3T/4T, 86 Count (Select for More Options)",$25.48,$25.48,4.6,4746,In Stock
Pampers Sensitive Baby Wipes 8X Flip-Top Packs 672 Wipes (Select for More Options),$23.47,$23.47,4.8,20295,In Stock
"Similac 360 Total Care Infant Formula Powder, 30.8-oz Value Can",$49.98,$49.98,4.8,1437,In Stock
"Pampers Cruisers 360 Diapers Size 3, 132 Count (Select for More Options)",$39.77,$39.77,4.6,4674,In Stock
"Pull-Ups Boys' Potty Training Pants, 3T-4T, 112 Count (Select for More Options)",$47.2,$47.2,4.6,5203,In Stock
"Pampers Baby Dry Diapers Size 4, 144 Count (Select for More Options)",$39.77,$39.77,4.5,22382,In Stock
"Enfamil NeuroPro Baby Formula, Milk-Based Infant Nutrition, MFGM* 5-Year Benefit, Expert-Recommended Brain-Building Omega-3 DHA, Exclusive HuMO6 Immune Blend, Non-GMO, 28.3 oz",$46.87,$46.87,4.8,12030,In Stock
"Enfamil Infant Formula, Milk-based Baby Formula with Iron, Omega-3 DHA & Choline, Powder Can, 12.5 Oz",$18.83,$18.83,4.7,6459,In Stock
"Parent's Choice Boys Training Pants, 2T/3T, 94 Count (Select for More Options)",$24.82,$24.82,4.5,5915,In Stock
"Luvs Diapers Size 5, 74 Count (Select for More Options)",$18.47,$18.47,4.5,15089,In Stock
"Enfamil NeuroPro Gentlease Baby Formula, Infant Formula Nutrition, Brain Support that has DHA, HuMO6Immune Blend, Designed to Reduce Fussiness, Crying, Gas & Spit-up in 24 Hrs, Powder Can, 27.4 Oz",$52,$52,4.6,5998,In Stock
"Goodnites Nighttime Bedwetting Underwear for Boys, S/M, 44 Ct (Select for More Options)",$29.97,$29.97,4.6,5456,In Stock
"Parent's Choice Cucumber Scent Baby Wipes, 900 Count (Select for More Options)",$17.96,$17.96,4.8,5380,In Stock
"Huggies Little Snugglers Baby Diapers, Size 2, 72 Ct (Select for More Options)",$24.94,$24.94,4.7,34918,In Stock
"Similac Advance* Powder Baby Formula with Iron, DHA, Lutein, 30.8-oz Value Can",$35.98,$35.98,4.7,2524,In Stock
"Pull-Ups Girls' Potty Training Pants, 3T-4T, 20 Count (Select for More Options)",$9.97,$9.97,4.6,4419,In Stock
"Evenflo Omni Plus Modular Travel System with LiteMax Sport Rear-Facing Infant Car Seat, Mylar Gray",$179,$229,4.3,3363,In Stock
"Huggies Snug & Dry Baby Diapers, Size 5 (27+ lbs), 68 Ct",$23.44,$23.44,4.5,10709,In Stock
"Cosco Kids Scenera NEXT Convertible Car Seat, Otto",$59.98,$59.98,4.5,5044,In Stock
Evenflo Chase Plus 2-in-1 Booster Car Seat (Huron Black),$59.98,$59.98,4.4,4451,In Stock
Pampers Easy Ups PJ Mask Training Underwear Toddler Boys Size 4T/5T 104 Count (Select for More Options),$45.94,$45.94,4.6,5567,In Stock
"Parent's Choice Ultra-Sensitive Baby Wipes, 810 Count (Select for More Options)",$17.84,$17.84,4.6,2626,In Stock
"Huggies Overnites Nighttime Diapers, Size 6, 36 Ct (Select for More Options)",$24.25,$24.25,4.6,6955,In Stock
"Parent's Choice Unisex Nighttime Bedwetting Underwear, Large-Extra Large, 38 Count (Select for More Options)",$23.97,$23.97,4.5,2583,In Stock
"Rascal + Friends Training Pants CoComelon Edition Size 2T-3T, 25 Count (Select for More Options)",$7.97,$7.97,4.7,3035,In Stock
"Huggies Simply Clean Unscented Baby Wipes, 3 Pack, 192 Total Ct (Select for More Options)",$6.77,$6.77,4.7,4067,In Stock
"PediaSure Grow & Gain Chocolate Pediatric Oral Supplement, 8 oz. Bottle, Abbott Nutrition 58058, 1 Count",$13.97,$13.97,4.8,2521,In Stock
Parent's Choice Juice Apple 32oz,$1.52,$1.52,4.8,374,In Stock
"(4 pack) Gerber Snacks for Baby Lil Crunchies Mild Cheddar Baked Corn, 1.48 oz Canister",$10.32,$25.24,4.7,1516,In Stock
Pampers Aqua Pure Baby Wipes 8X Flip-Top Pack 448 Wipes (Select for More Options),$23.47,$23.47,4.8,2011,In Stock
"Gerber Baby & Toddler Boy Microfleece Blanket Sleeper Pajamas, 2-Pack, Sizes 0/3M-5T",$10,$16.97,4.7,1933,In Stock
"Character Toddler Snug-Fit Pajama Set, 2 Piece, Sizes 12M-5T",$8.98,$8.98,4.7,1232,In Stock
"Bubble Skincare 3-Step Hydrating Routine Bundle, for Normal to Dry Skin, Unisex, Set of 3",$24.98,$24.98,4.6,411,In Stock
"Assurance Premium Disposable Washcloths, XL (96 Count)",$6.47,$6.47,4.8,10053,In Stock
"Townley Girl Train Case Cosmetic Makeup Set for Girls, Ages 3+",$25,$63.44,4.6,460,In Stock
"Coach New York Eau de Parfum, Perfume for Women, 3 oz",$39.26,$107,4.5,1112,In Stock
"Bubble Skincare 3-Step Balancing Bundle, for Normal to Oily & Combo Skin, Everyday Care, Unisex, set of 3",$24.98,$24.98,4.6,146,In Stock
"Giorgio Armani Acqua Di Gio Eau De Toilette, Cologne for Men, 3.4 oz",$49.99,$110,4.4,500,In Stock
"Colorsilk Beautiful Color Permanent Hair Color, Long-Lasting High-Definition Color, Shine & Silky Softness with 100% Gray Coverage, Ammonia Free, 010 Black, 1 Pack 1 Count (Pack of 1) 10 Black",$3.97,$3.97,4.5,12496,In Stock
"Juicy Couture Viva La Juicy Eau de Parfum Perfume for Women, 3.4 Oz",$37,$98,4.5,2309,In Stock
"Tresemme Rich Moisture Rich Moisture Shampoo and Conditioner, 28 oz, 2 Count",$9.98,$9.98,4.7,3347,In Stock
"Jimmy Choo Man Eau De Toilette, Cologne for Men, 3.3 oz",$35.49,$92,4.6,508,In Stock
"Bubble Skincare Slam Dunk Hydrating Face Moisturizer, for Normal to Dry Skin, 1.7 fl oz/ 50mL",$14.98,$14.98,4.8,2854,In Stock
"Equate Beauty Makeup Remover Cleansing Towelettes, 40 Count, 2 Pack",$5.97,$5.97,4.7,3823,In Stock
"Sendida Washable Kids Makeup Kit for Girls Toys with Cute Makeup Bag, Toy for Girls Age 3 4 5 6 7 8 9 10 Year Old (25PCS)",$29.99,$59.99,4.7,263,In Stock
"Aussie Miracle Moist Shampoo and Conditioner Hair Set, 26.2 fl oz",$13.47,$19.99,4.7,2872,In Stock
"Dolce & Gabbana Light Blue Eau De Toilette, Perfume for Women, 3.3 oz",$53.59,$116,4.5,904,In Stock
"Coach New York Eau De Toilette Spray, Cologne for Men, 3.3 oz",$40.82,$98,4.6,695,In Stock
"NEXPURE Hair Dryer Brush,Upgraded 4 in 1 Hair Dryer Brush Blow Dryer Brush in One with Negative Ion Anti-Frizz Ceramic Titanium Barrel Hot Air Brush Hair Straightener Brush",$22.99,$119.99,4.4,996,In Stock
"Calvin Klein Eternity, Eau De Parfum, Perfume for Women, 3.4 oz",$37.38,$88,4.6,1507,In Stock
"Versace Eros Eau De Toilette, Cologne for Men, 1.7 oz",$45.98,$75,4.7,1341,In Stock
Olaplex No.4 Bond Maintenance Shampoo 8.5 oz & No.5 Conditioner 8.5 oz Combo Pack,$40,$60,4.6,361,In Stock
"Maybelline Lash Sensational Sky High Waterproof Mascara, Very Black",$9.98,$9.98,4.5,10648,In Stock
"Ariana Grande Cloud Eau De Perfume, Perfume for Women, 1.0 oz",$25.99,$45,4.6,1102,In Stock
"Dolce & Gabbana Light Blue Eau de Toilette, Cologne for Men, 4.2 Oz",$42.79,$100,4.3,1332,In Stock
"Hair Dryer, NEXPURE 1800W Professional Ionic Hairdryer for Hair Care, Powerful Hot/Cool Wind Blow Dryer, 3 Magnetic Attachments, ETL, UL and ALCI Safety Plug (Dark Grey)",$26.99,$119.99,4.2,655,In Stock
Mighty Patch Original from Hero Cosmetics - Hydrocolloid Acne Pimple Patch (27 Patches),$8.98,$8.98,4.7,4342,In Stock
"Coach Platinum Eau De Parfum, Cologne for Men, 3.3 oz",$37.33,$104,4.6,271,In Stock
"CeraVe Moisturizing Cream Jar for Face and Body for Normal to Dry Skin, 16oz",$14.97,$14.97,4.7,17436,In Stock
"L'Oreal Paris Excellence Creme Permanent Hair Color, 5RB Medium Reddish Brown",$10.97,$10.97,4.3,4184,In Stock
"Burberry Classic Eau De Parfum, Perfume for Women, 3.3 oz",$36.98,$98,4.2,1709,In Stock
"Burberry Touch Eau de Toilette, Cologne for Men, 3.3 oz",$33,$76,4.5,708,In Stock
"Garnier Whole Blends Honey Treasures Repairing Shampoo and Conditioner, 1 kit",$11.42,$11.42,4.7,1663,In Stock
"CeraVe Foaming Facial Cleanser, Daily Face Wash for Normal to Oily Skin, 3 fl oz & 16 fl oz",$16.54,$16.54,4.8,731,In Stock
Coolwater 4.2 Edt Sp For Men,$22.98,$33.03,4.6,1092,In Stock
"Versace Bright Crystal Eau De Toilette Spray, Perfume for Women, 3 oz",$49.99,$65,4.3,1668,In Stock
"L'Oreal Paris Superior Preference Permanent Hair Color, 8S Soft Silver Blonde",$9.97,$9.97,4.1,4315,In Stock
"Laneige Lip Sleeping Mask EX Berry, 20g",$11.9,$22,3.9,310,In Stock
"Versace Dylan Blue Eau De Toilette, Cologne for Men, 3.4 oz",$48.98,$96,4.4,496,In Stock
"Cerave Daily Moisturizing Face and Body Lotion for Normal and Dry Skin, 12 oz",$10.44,$13.72,4.7,9250,In Stock
"Garnier Nutrisse Nourishing Hair Color Creme, 030 Darkest Brown Sweet Cola",$8.47,$8.47,4.1,6503,In Stock
"Coach Floral Eau de Parfum, Perfume for Women, 3 oz",$40.77,$98,4.6,2233,Out of Stock
